disease,lead_1,lead_2,mean_importance_score
ASMI,I,II,0.22012878690774623
ASMI,I,III,0.2133579546029751
ASMI,AVR,I,0.1869238303441268
ASMI,AVL,I,0.21133173633691593
ASMI,AVF,I,0.2069981550673644
ASMI,I,V4,0.1852109353511762
ASMI,I,V5,0.18226016447788637
ASMI,II,III,0.2505534811677077
ASMI,AVR,II,0.21835520984270634
ASMI,AVL,II,0.24021890792709136
ASMI,AVF,II,0.22999965032935143
ASMI,AVR,III,0.21597003042010163
ASMI,AVL,III,0.23283096396158903
ASMI,AVF,III,0.22684190223003045
ASMI,AVL,AVR,0.20455773300085311
ASMI,AVF,AVR,0.1957092432005283
ASMI,AVF,AVL,0.21255009771539612
ASMI,AVF,V4,0.18895586700087935
ASMI,AVF,V5,0.1857701893104957
ASMI,V1,V2,0.45671926428645093
ASMI,V1,V3,0.4344610721598832
ASMI,V1,V4,0.3566677409104812
ASMI,V1,V5,0.3594302338889011
ASMI,V1,V6,0.4248382693559695
ASMI,V2,V3,0.4184884003431369
ASMI,V2,V4,0.3435468317392546
ASMI,V2,V5,0.34546997841122823
ASMI,V2,V6,0.4091665944701587
ASMI,V3,V4,0.32727257534785137
ASMI,V3,V5,0.325069143219636
ASMI,V3,V6,0.38539307991281535
ASMI,V4,V5,0.24924755823230124
ASMI,V4,V6,0.30824018513315765
ASMI,V5,V6,0.31328065151587503
ABQRS,I,II,0.2632059255703107
ABQRS,I,III,0.2904912549472954
ABQRS,AVR,I,0.272883904063584
ABQRS,AVL,I,0.24764153499352304
ABQRS,AVF,I,0.22344452884636426
ABQRS,I,V4,0.18435203291083632
ABQRS,I,V5,0.1803507654104186
ABQRS,II,III,0.4013821386398846
ABQRS,AVR,II,0.3734582384607117
ABQRS,AVL,II,0.3446213217736467
ABQRS,AVF,II,0.28887117311162375
ABQRS,AVR,III,0.41126949106098004
ABQRS,AVL,III,0.3787677186590276
ABQRS,AVF,III,0.3205093829422012
ABQRS,AVL,AVR,0.3524600445008591
ABQRS,AVF,AVR,0.2956914975435326
ABQRS,AVF,AVL,0.2624577672524672
ABQRS,AVF,V4,0.18616349309976946
ABQRS,AVF,V5,0.18137280116249857
ABQRS,V1,V2,0.3311639798912956
ABQRS,V1,V3,0.32353377108413134
ABQRS,V1,V4,0.2665012043489045
ABQRS,V1,V5,0.2664017262868583
ABQRS,V1,V6,0.31484620755636383
ABQRS,V2,V3,0.3285358282600186
ABQRS,V2,V4,0.2697079994696143
ABQRS,V2,V5,0.2680512178414747
ABQRS,V2,V6,0.31944654097878616
ABQRS,V3,V4,0.26608178725760234
ABQRS,V3,V5,0.26078199389733764
ABQRS,V3,V6,0.31171254265269166
ABQRS,V4,V5,0.21321658945495361
ABQRS,V4,V6,0.25346037002672483
ABQRS,V5,V6,0.25170429284635343
SR,I,II,0.2948316573349744
SR,I,III,0.28602570852945075
SR,AVR,I,0.2717047930668373
SR,AVL,I,0.2733998450486725
SR,AVF,I,0.2550685087597039
SR,I,V4,0.24336849954926998
SR,I,V5,0.23807552261826972
SR,II,III,0.34434610921767567
SR,AVR,II,0.3222392843757529
SR,AVL,II,0.3274390838822579
SR,AVF,II,0.3008565091497502
SR,AVR,III,0.3184681862784123
SR,AVL,III,0.31721120911521333
SR,AVF,III,0.29315629854573105
SR,AVL,AVR,0.2965887214562455
SR,AVF,AVR,0.27536881372144895
SR,AVF,AVL,0.2698384131145868
SR,AVF,V4,0.23592990317257584
SR,AVF,V5,0.22963287467132282
SR,V1,V2,0.2943712484866606
SR,V1,V3,0.3007777468687491
SR,V1,V4,0.26718305162766426
SR,V1,V5,0.26361131799573856
SR,V1,V6,0.2916183586283504
SR,V2,V3,0.3150151084190802
SR,V2,V4,0.28357973084792093
SR,V2,V5,0.2793515533625479
SR,V2,V6,0.3078978216696896
SR,V3,V4,0.29280809456703044
SR,V3,V5,0.28708486972512776
SR,V3,V6,0.31313049620885386
SR,V4,V5,0.2589399887197264
SR,V4,V6,0.27987124134258606
SR,V5,V6,0.2764405000025889
NORM,I,II,0.3426774483122448
NORM,I,III,0.2859800427252112
NORM,AVR,I,0.27737011051118965
NORM,AVL,I,0.3103272588440393
NORM,AVF,I,0.30334378680232726
NORM,I,V4,0.3299669389736534
NORM,I,V5,0.31984512288676636
NORM,II,III,0.2789345970963783
NORM,AVR,II,0.26223878389242844
NORM,AVL,II,0.30767521428884853
NORM,AVF,II,0.32329666816214536
NORM,AVR,III,0.2059974425234418
NORM,AVL,III,0.24143591301423484
NORM,AVF,III,0.26594166641925815
NORM,AVL,AVR,0.22441583552794284
NORM,AVF,AVR,0.25787937363628116
NORM,AVF,AVL,0.2841029408559351
NORM,AVF,V4,0.31083888643817736
NORM,AVF,V5,0.299452231278514
NORM,V1,V2,0.23459778909783552
NORM,V1,V3,0.25443964600415514
NORM,V1,V4,0.25450165591838925
NORM,V1,V5,0.24787823444029478
NORM,V1,V6,0.24421086316209017
NORM,V2,V3,0.2841173774254794
NORM,V2,V4,0.2943209250072146
NORM,V2,V5,0.28593843924084517
NORM,V2,V6,0.27732098428329616
NORM,V3,V4,0.3217573415716686
NORM,V3,V5,0.3124797392983247
NORM,V3,V6,0.3017929316216177
NORM,V4,V5,0.32029166872917414
NORM,V4,V6,0.30840177417096526
NORM,V5,V6,0.29936635803615697
LAFB,I,II,0.2330068001554658
LAFB,I,III,0.24359276554547257
LAFB,AVR,I,0.20771656452678147
LAFB,AVL,I,0.22579582878388466
LAFB,AVF,I,0.21558498652962343
LAFB,I,V4,0.1909403660676131
LAFB,I,V5,0.18827419632424902
LAFB,II,III,0.2984392582066357
LAFB,AVR,II,0.26550537964329124
LAFB,AVL,II,0.27936220253817745
LAFB,AVF,II,0.2522845432845255
LAFB,AVR,III,0.2787301530006031
LAFB,AVL,III,0.29012459748735026
LAFB,AVF,III,0.26519228688751656
LAFB,AVL,AVR,0.25144942168767254
LAFB,AVF,AVR,0.2267982170823962
LAFB,AVF,AVL,0.23956588464478654
LAFB,AVF,V4,0.19966289840328197
LAFB,AVF,V5,0.19618509031832215
LAFB,V1,V2,0.4193163049127907
LAFB,V1,V3,0.4088783769247433
LAFB,V1,V4,0.3456606561069687
LAFB,V1,V5,0.34060882743137577
LAFB,V1,V6,0.399539399680992
LAFB,V2,V3,0.3901331566926091
LAFB,V2,V4,0.3271775728433084
LAFB,V2,V5,0.32401782643670834
LAFB,V2,V6,0.3782759616306672
LAFB,V3,V4,0.3200404105863224
LAFB,V3,V5,0.3117293153547992
LAFB,V3,V6,0.3688562095972398
LAFB,V4,V5,0.2451234053944548
LAFB,V4,V6,0.30020781844233474
LAFB,V5,V6,0.3012697861747196
LVH,I,II,0.2380251561376181
LVH,I,III,0.2653005494143475
LVH,AVR,I,0.24147532474588262
LVH,AVL,I,0.23299499328840872
LVH,AVF,I,0.21074846100400804
LVH,I,V4,0.18112149680879977
LVH,I,V5,0.1781195616925305
LVH,II,III,0.34526403722099275
LVH,AVR,II,0.31940948699347
LVH,AVL,II,0.306699914285405
LVH,AVF,II,0.2550302394106984
LVH,AVR,III,0.34501194197007207
LVH,AVL,III,0.32849418367174527
LVH,AVF,III,0.29005579760128797
LVH,AVL,AVR,0.3078427810662172
LVH,AVF,AVR,0.25783014647323976
LVH,AVF,AVL,0.24194885173981834
LVH,AVF,V4,0.18434385395524175
LVH,AVF,V5,0.18154147204011675
LVH,V1,V2,0.36765923670069744
LVH,V1,V3,0.3606863792274486
LVH,V1,V4,0.29136887001043016
LVH,V1,V5,0.3055155698955059
LVH,V1,V6,0.3593905525315892
LVH,V2,V3,0.3602342332696374
LVH,V2,V4,0.285132312303917
LVH,V2,V5,0.29925585715608166
LVH,V2,V6,0.35949332252483474
LVH,V3,V4,0.28037246441299263
LVH,V3,V5,0.2917964674701745
LVH,V3,V6,0.345246139361777
LVH,V4,V5,0.22964300510558214
LVH,V4,V6,0.2745500782911073
LVH,V5,V6,0.28979434670033777
ISC_,I,II,0.23935040555894369
ISC_,I,III,0.2651061116283138
ISC_,AVR,I,0.24077622877640856
ISC_,AVL,I,0.23562076558669404
ISC_,AVF,I,0.21254586711525916
ISC_,I,V4,0.18265774632079734
ISC_,I,V5,0.17998315539211038
ISC_,II,III,0.34577801770634137
ISC_,AVR,II,0.31976714178091953
ISC_,AVL,II,0.3088567000048028
ISC_,AVF,II,0.2543124694459968
ISC_,AVR,III,0.34374703339818447
ISC_,AVL,III,0.32957519106980826
ISC_,AVF,III,0.29122466157293997
ISC_,AVL,AVR,0.30822350762784484
ISC_,AVF,AVR,0.2556803516464102
ISC_,AVF,AVL,0.24268221156050765
ISC_,AVF,V4,0.18620756646411293
ISC_,AVF,V5,0.1829317220507397
ISC_,V1,V2,0.36821508098807604
ISC_,V1,V3,0.36193534531113164
ISC_,V1,V4,0.29142129907177544
ISC_,V1,V5,0.30570393808186064
ISC_,V1,V6,0.35838192104879363
ISC_,V2,V3,0.36373581174761055
ISC_,V2,V4,0.28648595941563443
ISC_,V2,V5,0.2998984307381842
ISC_,V2,V6,0.35965942082719676
ISC_,V3,V4,0.2810828167531226
ISC_,V3,V5,0.29165892099340757
ISC_,V3,V6,0.3442767139358653
ISC_,V4,V5,0.23120975757638615
ISC_,V4,V6,0.276702922263907
ISC_,V5,V6,0.29224608304599925
IMI,I,II,0.28365270198698633
IMI,I,III,0.34399404620392265
IMI,AVR,I,0.3321127948269509
IMI,AVL,I,0.26756782431264375
IMI,AVF,I,0.2212792037244428
IMI,I,V4,0.16670546580040665
IMI,I,V5,0.16557598968085493
IMI,II,III,0.5177246347113311
IMI,AVR,II,0.4975775654622685
IMI,AVL,II,0.4276706034833926
IMI,AVF,II,0.3236312249947709
IMI,AVR,III,0.5698826648721917
IMI,AVL,III,0.5003725826897119
IMI,AVF,III,0.38653710884570364
IMI,AVL,AVR,0.4788388392921777
IMI,AVF,AVR,0.3680920455243155
IMI,AVF,AVL,0.2960453912371781
IMI,AVF,V4,0.16790522158930174
IMI,AVF,V5,0.165716751283198
IMI,V1,V2,0.24164615926425356
IMI,V1,V3,0.24704073766954474
IMI,V1,V4,0.1992382318469864
IMI,V1,V5,0.19624967155836484
IMI,V1,V6,0.23459617360467802
IMI,V2,V3,0.26559675822916784
IMI,V2,V4,0.2097388041516145
IMI,V2,V5,0.20513321431843856
IMI,V2,V6,0.2535145046418174
IMI,V3,V4,0.21451493088090626
IMI,V3,V5,0.20803230776075732
IMI,V3,V6,0.255911751019153
IMI,V4,V5,0.17186266635506475
IMI,V4,V6,0.20197821176540084
IMI,V5,V6,0.1996245460037948
SBRAD,I,II,0.31409823666016257
SBRAD,I,III,0.27588030700882277
SBRAD,AVR,I,0.2690397975593805
SBRAD,AVL,I,0.28451441630721097
SBRAD,AVF,I,0.28578186313311266
SBRAD,I,V4,0.2922278422986468
SBRAD,I,V5,0.2791202689583103
SBRAD,II,III,0.2806888146698474
SBRAD,AVR,II,0.25910889455427727
SBRAD,AVL,II,0.2918861699725191
SBRAD,AVF,II,0.3005936799695094
SBRAD,AVR,III,0.23148180135836205
SBRAD,AVL,III,0.2529899702842036
SBRAD,AVF,III,0.2622852981090546
SBRAD,AVL,AVR,0.2343002389123042
SBRAD,AVF,AVR,0.2546867742141088
SBRAD,AVF,AVL,0.268410542793572
SBRAD,AVF,V4,0.2779384167244036
SBRAD,AVF,V5,0.26584115880231063
SBRAD,V1,V2,0.25323955888549493
SBRAD,V1,V3,0.2683594278742869
SBRAD,V1,V4,0.24381119350592295
SBRAD,V1,V5,0.24095114971200624
SBRAD,V1,V6,0.24396363177647196
SBRAD,V2,V3,0.28540799469997485
SBRAD,V2,V4,0.2725922095403075
SBRAD,V2,V5,0.26257931165397175
SBRAD,V2,V6,0.2636442167684435
SBRAD,V3,V4,0.3030679518605272
SBRAD,V3,V5,0.29562718352923795
SBRAD,V3,V6,0.28866347315410773
SBRAD,V4,V5,0.29019282026837273
SBRAD,V4,V6,0.28625893042733275
SBRAD,V5,V6,0.27553961273282773
PAC,I,II,0.2629747793243991
PAC,I,III,0.23562318457497483
PAC,AVR,I,0.21772231073843115
PAC,AVL,I,0.2511007601353857
PAC,AVF,I,0.24327460742659035
PAC,I,V4,0.24366896326343215
PAC,I,V5,0.2456627387636238
PAC,II,III,0.24834806847903465
PAC,AVR,II,0.21704767152667045
PAC,AVL,II,0.25761119809415606
PAC,AVF,II,0.2652765356004238
PAC,AVR,III,0.18818017714553406
PAC,AVL,III,0.22328370395633906
PAC,AVF,III,0.23528125433458227
PAC,AVL,AVR,0.2018972485595279
PAC,AVF,AVR,0.21113960605528617
PAC,AVF,AVL,0.24351615195473028
PAC,AVF,V4,0.24548408173852504
PAC,AVF,V5,0.24109738258851898
PAC,V1,V2,0.35346908412045897
PAC,V1,V3,0.3507825089991092
PAC,V1,V4,0.30621768313977454
PAC,V1,V5,0.3131329846216573
PAC,V1,V6,0.34740150810943715
PAC,V2,V3,0.36518410379687943
PAC,V2,V4,0.3187647669845158
PAC,V2,V5,0.3316270040637916
PAC,V2,V6,0.35984974079661897
PAC,V3,V4,0.3213849294847912
PAC,V3,V5,0.32632942656675973
PAC,V3,V6,0.3445871507955922
PAC,V4,V5,0.26970641632874803
PAC,V4,V6,0.293108224272728
PAC,V5,V6,0.317130041917165
STD_,I,II,0.23893025462968015
STD_,I,III,0.24771731578452244
STD_,AVR,I,0.21949623521736683
STD_,AVL,I,0.2197253606915474
STD_,AVF,I,0.21343978654061035
STD_,I,V4,0.18828931812303398
STD_,I,V5,0.18414342325925825
STD_,II,III,0.30504488068393304
STD_,AVR,II,0.27236104719127924
STD_,AVL,II,0.27437345004507474
STD_,AVF,II,0.2540462253349168
STD_,AVR,III,0.2835092628087315
STD_,AVL,III,0.280190790700061
STD_,AVF,III,0.26637515074440415
STD_,AVL,AVR,0.2532146633608001
STD_,AVF,AVR,0.23087540983302252
STD_,AVF,AVL,0.22582859648977005
STD_,AVF,V4,0.19123409151605206
STD_,AVF,V5,0.18758510359270236
STD_,V1,V2,0.40132111532773285
STD_,V1,V3,0.3940314524599485
STD_,V1,V4,0.3203119824698994
STD_,V1,V5,0.32472015703150214
STD_,V1,V6,0.3829996764447008
STD_,V2,V3,0.3926467912282263
STD_,V2,V4,0.3142181701362133
STD_,V2,V5,0.32526635091219624
STD_,V2,V6,0.3830388872197696
STD_,V3,V4,0.30819502158675877
STD_,V3,V5,0.31485975644418157
STD_,V3,V6,0.3704675528364523
STD_,V4,V5,0.23643972751072465
STD_,V4,V6,0.28601042424355244
STD_,V5,V6,0.2928559813158852
LAO/LAE,I,II,0.2257033606039154
LAO/LAE,I,III,0.24845346376299862
LAO/LAE,AVR,I,0.227439807885223
LAO/LAE,AVL,I,0.22565455754597985
LAO/LAE,AVF,I,0.20059416300720642
LAO/LAE,I,V4,0.1753949347138405
LAO/LAE,I,V5,0.1717251091533237
LAO/LAE,II,III,0.3118391351401806
LAO/LAE,AVR,II,0.28299396985107
LAO/LAE,AVL,II,0.27814062424831926
LAO/LAE,AVF,II,0.24056198659870376
LAO/LAE,AVR,III,0.30261517223384654
LAO/LAE,AVL,III,0.29187566690974764
LAO/LAE,AVF,III,0.26698295162783725
LAO/LAE,AVL,AVR,0.2676002948813968
LAO/LAE,AVF,AVR,0.2344961668882106
LAO/LAE,AVF,AVL,0.21905478114883115
LAO/LAE,AVF,V4,0.17415208079748684
LAO/LAE,AVF,V5,0.1738469027313921
LAO/LAE,V1,V2,0.4286801364686755
LAO/LAE,V1,V3,0.41669066902663976
LAO/LAE,V1,V4,0.3323239751491281
LAO/LAE,V1,V5,0.3363427846133708
LAO/LAE,V1,V6,0.3899923759202163
LAO/LAE,V2,V3,0.4222659388515683
LAO/LAE,V2,V4,0.3346994484795465
LAO/LAE,V2,V5,0.34322847420970604
LAO/LAE,V2,V6,0.4041252717210187
LAO/LAE,V3,V4,0.31218342146939704
LAO/LAE,V3,V5,0.316897705230448
LAO/LAE,V3,V6,0.3798869984348616
LAO/LAE,V4,V5,0.23447725991408025
LAO/LAE,V4,V6,0.29603517659836337
LAO/LAE,V5,V6,0.2935704324642817
VCLVH,I,II,0.2564154577354591
VCLVH,I,III,0.2614946003953616
VCLVH,AVR,I,0.22913633749882384
VCLVH,AVL,I,0.23847778697808578
VCLVH,AVF,I,0.22679166937867795
VCLVH,I,V4,0.20633036151528356
VCLVH,I,V5,0.20349430926640832
VCLVH,II,III,0.29863409193356844
VCLVH,AVR,II,0.26747327951590205
VCLVH,AVL,II,0.2920057907998562
VCLVH,AVF,II,0.26106282944480574
VCLVH,AVR,III,0.27361350953578956
VCLVH,AVL,III,0.2883298924863339
VCLVH,AVF,III,0.2593984691600004
VCLVH,AVL,AVR,0.25408547526597974
VCLVH,AVF,AVR,0.23053332348664596
VCLVH,AVF,AVL,0.23901173411806428
VCLVH,AVF,V4,0.20129487648606303
VCLVH,AVF,V5,0.20132986415425935
VCLVH,V1,V2,0.358309117068847
VCLVH,V1,V3,0.35883587746818857
VCLVH,V1,V4,0.306816872894764
VCLVH,V1,V5,0.31619786506891256
VCLVH,V1,V6,0.35923340919613833
VCLVH,V2,V3,0.3616788814564545
VCLVH,V2,V4,0.31477808307607974
VCLVH,V2,V5,0.32721968368689214
VCLVH,V2,V6,0.36530871288975075
VCLVH,V3,V4,0.3106735278367997
VCLVH,V3,V5,0.32095723303159074
VCLVH,V3,V6,0.36089734327793116
VCLVH,V4,V5,0.2582429427802564
VCLVH,V4,V6,0.2945232428510984
VCLVH,V5,V6,0.30083931608994796
INVT,I,II,0.22991776266445715
INVT,I,III,0.23013404755542677
INVT,AVR,I,0.20511847600340843
INVT,AVL,I,0.217765951914092
INVT,AVF,I,0.19954829692840576
INVT,I,V4,0.18657700133820376
INVT,I,V5,0.17978475196907912
INVT,II,III,0.2892194339508811
INVT,AVR,II,0.2555421926826239
INVT,AVL,II,0.26449578272799645
INVT,AVF,II,0.24283439420163627
INVT,AVR,III,0.27045266048361855
INVT,AVL,III,0.2581989625220497
INVT,AVF,III,0.25000595800578596
INVT,AVL,AVR,0.24529219972590602
INVT,AVF,AVR,0.21672802464415625
INVT,AVF,AVL,0.21107698665310942
INVT,AVF,V4,0.19097555813690026
INVT,AVF,V5,0.1814653303722541
INVT,V1,V2,0.41828558442493297
INVT,V1,V3,0.40455765494455903
INVT,V1,V4,0.3462252926826478
INVT,V1,V5,0.3404737688352663
INVT,V1,V6,0.40005811401953295
INVT,V2,V3,0.41032962528367845
INVT,V2,V4,0.34414893885453546
INVT,V2,V5,0.3469142118593058
INVT,V2,V6,0.4060653783132632
INVT,V3,V4,0.33795878766725457
INVT,V3,V5,0.34135355273882545
INVT,V3,V6,0.3994494383409618
INVT,V4,V5,0.254077890800933
INVT,V4,V6,0.3261113770430286
INVT,V5,V6,0.32714467926571766
SARRH,I,II,0.3160173861030489
SARRH,I,III,0.3301848560571671
SARRH,AVR,I,0.29971686942502856
SARRH,AVL,I,0.2847369678784162
SARRH,AVF,I,0.2676271307654679
SARRH,I,V4,0.22966088988818228
SARRH,I,V5,0.22387484131380916
SARRH,II,III,0.4125627449247986
SARRH,AVR,II,0.3804619185440242
SARRH,AVL,II,0.37483198950998486
SARRH,AVF,II,0.3334303864557296
SARRH,AVR,III,0.3920805814303458
SARRH,AVL,III,0.3763975269161165
SARRH,AVF,III,0.34633386962115764
SARRH,AVL,AVR,0.3435422693472356
SARRH,AVF,AVR,0.31613142021931706
SARRH,AVF,AVL,0.2939781947713345
SARRH,AVF,V4,0.2280746451858431
SARRH,AVF,V5,0.2211317249573767
SARRH,V1,V2,0.2758302155509591
SARRH,V1,V3,0.2735141392052174
SARRH,V1,V4,0.23810712185688318
SARRH,V1,V5,0.23877928338944912
SARRH,V1,V6,0.2741571532934904
SARRH,V2,V3,0.2987957148067653
SARRH,V2,V4,0.25734765238128604
SARRH,V2,V5,0.25632824305444957
SARRH,V2,V6,0.2958754316624254
SARRH,V3,V4,0.2659639090765268
SARRH,V3,V5,0.2577368643693626
SARRH,V3,V6,0.296613706741482
SARRH,V4,V5,0.2253106056060642
SARRH,V4,V6,0.2550812905747443
SARRH,V5,V6,0.24789018555544318
CRBBB,I,II,0.26191021353006366
CRBBB,I,III,0.27961216079443707
CRBBB,AVR,I,0.2346875297054649
CRBBB,AVL,I,0.2520491117313504
CRBBB,AVF,I,0.22260667076706891
CRBBB,I,V4,0.17878935408592228
CRBBB,I,V5,0.17984882272034886
CRBBB,II,III,0.37536257947981355
CRBBB,AVR,II,0.3445493069365621
CRBBB,AVL,II,0.3664040808305144
CRBBB,AVF,II,0.2935172234848142
CRBBB,AVR,III,0.36536513064056636
CRBBB,AVL,III,0.3848010847568514
CRBBB,AVF,III,0.3062430024817586
CRBBB,AVL,AVR,0.3284720271080732
CRBBB,AVF,AVR,0.26922070440649987
CRBBB,AVF,AVL,0.289895199984312
CRBBB,AVF,V4,0.18611239437758922
CRBBB,AVF,V5,0.18701671335846184
CRBBB,V1,V2,0.37804148967564105
CRBBB,V1,V3,0.3841916873455049
CRBBB,V1,V4,0.32157400462776414
CRBBB,V1,V5,0.3250102697834372
CRBBB,V1,V6,0.3914899075999856
CRBBB,V2,V3,0.3468348747193813
CRBBB,V2,V4,0.28639149048179385
CRBBB,V2,V5,0.29078107849508517
CRBBB,V2,V6,0.3561762075275183
CRBBB,V3,V4,0.28703334470093256
CRBBB,V3,V5,0.28782301121205095
CRBBB,V3,V6,0.35734621474891903
CRBBB,V4,V5,0.2469082052186132
CRBBB,V4,V6,0.30577274560928347
CRBBB,V5,V6,0.3030097198039293
ANEUR,I,II,0.21034680873155595
ANEUR,I,III,0.2280434069931507
ANEUR,AVR,I,0.19586360120773316
ANEUR,AVL,I,0.194697335243225
ANEUR,AVF,I,0.20285384444892407
ANEUR,I,V4,0.18030085295438764
ANEUR,I,V5,0.16876052352786064
ANEUR,II,III,0.2817494428753854
ANEUR,AVR,II,0.2281320746839047
ANEUR,AVL,II,0.2386034119278192
ANEUR,AVF,II,0.2382495892345905
ANEUR,AVR,III,0.2455788017809391
ANEUR,AVL,III,0.24362308581173425
ANEUR,AVF,III,0.2423882434964179
ANEUR,AVL,AVR,0.20804689444601535
ANEUR,AVF,AVR,0.21124436782300474
ANEUR,AVF,AVL,0.20540382681787012
ANEUR,AVF,V4,0.18042937061190603
ANEUR,AVF,V5,0.17041100083291533
ANEUR,V1,V2,0.3978817462772131
ANEUR,V1,V3,0.3953998291939497
ANEUR,V1,V4,0.36300001189112663
ANEUR,V1,V5,0.3443754948824644
ANEUR,V1,V6,0.4239861582815648
ANEUR,V2,V3,0.38140119895339014
ANEUR,V2,V4,0.34787950862944117
ANEUR,V2,V5,0.33280374379456035
ANEUR,V2,V6,0.4144714889973401
ANEUR,V3,V4,0.34663564996421337
ANEUR,V3,V5,0.3262195269167424
ANEUR,V3,V6,0.4042502757459881
ANEUR,V4,V5,0.26945862103998663
ANEUR,V4,V6,0.33929171516001216
ANEUR,V5,V6,0.32230849076807494
ISCAL,I,II,0.2514071574544206
ISCAL,I,III,0.25193116565837576
ISCAL,AVR,I,0.2120132889116512
ISCAL,AVL,I,0.2286905395283418
ISCAL,AVF,I,0.22155264266273544
ISCAL,I,V4,0.18505279059795776
ISCAL,I,V5,0.1836800141457249
ISCAL,II,III,0.33405005483942873
ISCAL,AVR,II,0.2782512820994153
ISCAL,AVL,II,0.29706136350246043
ISCAL,AVF,II,0.27786655718789377
ISCAL,AVR,III,0.28159905725542234
ISCAL,AVL,III,0.29723970192320204
ISCAL,AVF,III,0.276618663589744
ISCAL,AVL,AVR,0.2540169153669301
ISCAL,AVF,AVR,0.22546748575918812
ISCAL,AVF,AVL,0.24136026811950348
ISCAL,AVF,V4,0.18550309754469815
ISCAL,AVF,V5,0.18162984293173343
ISCAL,V1,V2,0.4514993661905036
ISCAL,V1,V3,0.4369173140034956
ISCAL,V1,V4,0.35819276985000154
ISCAL,V1,V5,0.34128496141994696
ISCAL,V1,V6,0.3966531726192026
ISCAL,V2,V3,0.41749566293814594
ISCAL,V2,V4,0.3384614785278546
ISCAL,V2,V5,0.32316201933166566
ISCAL,V2,V6,0.3884540880953565
ISCAL,V3,V4,0.33219806466032475
ISCAL,V3,V5,0.31551677504006553
ISCAL,V3,V6,0.3762500624709271
ISCAL,V4,V5,0.24854690635905544
ISCAL,V4,V6,0.30946443655035066
ISCAL,V5,V6,0.3016182429124328
IVCD,I,II,0.2646374506254991
IVCD,I,III,0.2839669919411342
IVCD,AVR,I,0.27012027661999066
IVCD,AVL,I,0.25392426763971643
IVCD,AVF,I,0.22747202881177273
IVCD,I,V4,0.20922809321681657
IVCD,I,V5,0.20487189527352656
IVCD,II,III,0.3821071103314558
IVCD,AVR,II,0.34214072281122215
IVCD,AVL,II,0.3318768286208311
IVCD,AVF,II,0.2816595886349679
IVCD,AVR,III,0.35545629601677264
IVCD,AVL,III,0.35369084272782003
IVCD,AVF,III,0.3038931539058685
IVCD,AVL,AVR,0.3274783638517061
IVCD,AVF,AVR,0.274394616663456
IVCD,AVF,AVL,0.26265944902102156
IVCD,AVF,V4,0.2059523137509823
IVCD,AVF,V5,0.19952434602379804
IVCD,V1,V2,0.31899917258818944
IVCD,V1,V3,0.32026694837212566
IVCD,V1,V4,0.2587231768767039
IVCD,V1,V5,0.2631215009788672
IVCD,V1,V6,0.2990837222933769
IVCD,V2,V3,0.3291537221074104
IVCD,V2,V4,0.2707096149524053
IVCD,V2,V5,0.27148831103245413
IVCD,V2,V6,0.308087544520696
IVCD,V3,V4,0.27046164361635844
IVCD,V3,V5,0.2657370090186596
IVCD,V3,V6,0.30409596729278554
IVCD,V4,V5,0.21489471219976747
IVCD,V4,V6,0.24207811779777205
IVCD,V5,V6,0.24853829482197765
NST_,I,II,0.2689300159880748
NST_,I,III,0.2686397780248752
NST_,AVR,I,0.25381007589972937
NST_,AVL,I,0.24809106169984893
NST_,AVF,I,0.21881630295744312
NST_,I,V4,0.18311409606383391
NST_,I,V5,0.18424584816281608
NST_,II,III,0.34566964513980414
NST_,AVR,II,0.31967776029155803
NST_,AVL,II,0.32476262890375585
NST_,AVF,II,0.26830192047816054
NST_,AVR,III,0.3335053750070242
NST_,AVL,III,0.3260518006407298
NST_,AVF,III,0.2820352966739582
NST_,AVL,AVR,0.30762558810986
NST_,AVF,AVR,0.27089887758860215
NST_,AVF,AVL,0.2526056301020658
NST_,AVF,V4,0.18660229267982337
NST_,AVF,V5,0.18600036578682752
NST_,V1,V2,0.3629568642148606
NST_,V1,V3,0.3467601320720636
NST_,V1,V4,0.2836106956807467
NST_,V1,V5,0.29633547304914554
NST_,V1,V6,0.3490774724804437
NST_,V2,V3,0.3467832245620397
NST_,V2,V4,0.28771575951805484
NST_,V2,V5,0.2959272366303664
NST_,V2,V6,0.353605849410479
NST_,V3,V4,0.2731133322188487
NST_,V3,V5,0.27724588881318385
NST_,V3,V6,0.33731657243691954
NST_,V4,V5,0.2167466037548505
NST_,V4,V6,0.26228661303336803
NST_,V5,V6,0.27343385317004637
AFIB,I,II,0.23924841746963832
AFIB,I,III,0.2522169337118113
AFIB,AVR,I,0.2372954399055905
AFIB,AVL,I,0.22911639610374424
AFIB,AVF,I,0.20867945622790743
AFIB,I,V4,0.1884681927302369
AFIB,I,V5,0.18369309182244323
AFIB,II,III,0.3336658979593604
AFIB,AVR,II,0.3097995241151916
AFIB,AVL,II,0.2970107069942686
AFIB,AVF,II,0.25177147998302074
AFIB,AVR,III,0.33521170703073344
AFIB,AVL,III,0.3165700528825875
AFIB,AVF,III,0.273063162650775
AFIB,AVL,AVR,0.2940608233020262
AFIB,AVF,AVR,0.2530987635806755
AFIB,AVF,AVL,0.2337700763344765
AFIB,AVF,V4,0.19282293016987814
AFIB,AVF,V5,0.18709501872184098
AFIB,V1,V2,0.38732508556710354
AFIB,V1,V3,0.3637236081367288
AFIB,V1,V4,0.2970498161266248
AFIB,V1,V5,0.29865998687291595
AFIB,V1,V6,0.3523017068179668
AFIB,V2,V3,0.3613113356078113
AFIB,V2,V4,0.2947173455302361
AFIB,V2,V5,0.29326596639222574
AFIB,V2,V6,0.35247206759121674
AFIB,V3,V4,0.28316340937382656
AFIB,V3,V5,0.2766165857375771
AFIB,V3,V6,0.3365028839917094
AFIB,V4,V5,0.22639464917006322
AFIB,V4,V6,0.2692026734959196
AFIB,V5,V6,0.2711121105264733
NT_,I,II,0.3076816220829885
NT_,I,III,0.28128831955293804
NT_,AVR,I,0.2648851796736319
NT_,AVL,I,0.2802651681254308
NT_,AVF,I,0.2683703185369571
NT_,I,V4,0.27049637369811536
NT_,I,V5,0.27307267829775816
NT_,II,III,0.3226879294216632
NT_,AVR,II,0.2984899429480235
NT_,AVL,II,0.3049773396054904
NT_,AVF,II,0.3049171166370312
NT_,AVR,III,0.273964178537329
NT_,AVL,III,0.2827472718060017
NT_,AVF,III,0.2884316351264715
NT_,AVL,AVR,0.2705438713977734
NT_,AVF,AVR,0.25186620280146604
NT_,AVF,AVL,0.2617964152991771
NT_,AVF,V4,0.246193942601482
NT_,AVF,V5,0.2549179831643899
NT_,V1,V2,0.260131306797266
NT_,V1,V3,0.2489815734326839
NT_,V1,V4,0.23564913411935165
NT_,V1,V5,0.25005883872509005
NT_,V1,V6,0.2700624474386374
NT_,V2,V3,0.2790733108421167
NT_,V2,V4,0.2730202986299991
NT_,V2,V5,0.2781744965910913
NT_,V2,V6,0.28899814359843734
NT_,V3,V4,0.263811637883385
NT_,V3,V5,0.27150075112779937
NT_,V3,V6,0.2829534652084112
NT_,V4,V5,0.2727460966755946
NT_,V4,V6,0.28031588847438493
NT_,V5,V6,0.29081008089085425
ILBBB,I,II,0.20599068727344275
ILBBB,I,III,0.23084565192461015
ILBBB,AVR,I,0.20464548520743847
ILBBB,AVL,I,0.19809816528111696
ILBBB,AVF,I,0.20203175373375415
ILBBB,I,V4,0.17170520041137935
ILBBB,I,V5,0.16616016272455453
ILBBB,II,III,0.2925333582237363
ILBBB,AVR,II,0.27245981875807046
ILBBB,AVL,II,0.24269141800701619
ILBBB,AVF,II,0.22163846835494042
ILBBB,AVR,III,0.2893240114673972
ILBBB,AVL,III,0.27641642645001413
ILBBB,AVF,III,0.2437980854511261
ILBBB,AVL,AVR,0.2595449446886778
ILBBB,AVF,AVR,0.21002315763384105
ILBBB,AVF,AVL,0.20335510581731797
ILBBB,AVF,V4,0.17570631936192513
ILBBB,AVF,V5,0.17329302873462438
ILBBB,V1,V2,0.3906352189928293
ILBBB,V1,V3,0.3875174787640572
ILBBB,V1,V4,0.3095880153030157
ILBBB,V1,V5,0.33637218371033667
ILBBB,V1,V6,0.39169363521039485
ILBBB,V2,V3,0.36703684911131856
ILBBB,V2,V4,0.2938324837759137
ILBBB,V2,V5,0.3235734744742513
ILBBB,V2,V6,0.36851475298404696
ILBBB,V3,V4,0.29143307730555534
ILBBB,V3,V5,0.32041266579180955
ILBBB,V3,V6,0.35845803186297415
ILBBB,V4,V5,0.21820662945508956
ILBBB,V4,V6,0.27251855745911596
ILBBB,V5,V6,0.300279013030231
1AVB,I,II,0.2213055982470512
1AVB,I,III,0.2512495768368245
1AVB,AVR,I,0.22507913939952853
1AVB,AVL,I,0.21906504834890367
1AVB,AVF,I,0.19877500844001778
1AVB,I,V4,0.1769965824842453
1AVB,I,V5,0.17291315149068834
1AVB,II,III,0.32595715386867524
1AVB,AVR,II,0.2961289471030235
1AVB,AVL,II,0.28263898040056235
1AVB,AVF,II,0.24444961715936667
1AVB,AVR,III,0.31977718657851223
1AVB,AVL,III,0.31586527212858195
1AVB,AVF,III,0.2706130059063434
1AVB,AVL,AVR,0.28814224355220797
1AVB,AVF,AVR,0.2386503970682621
1AVB,AVF,AVL,0.22861403416991238
1AVB,AVF,V4,0.1774063558042049
1AVB,AVF,V5,0.17393418490886695
1AVB,V1,V2,0.3734368052840234
1AVB,V1,V3,0.3646605630099773
1AVB,V1,V4,0.3040543042778968
1AVB,V1,V5,0.29188233713507644
1AVB,V1,V6,0.3517569560825824
1AVB,V2,V3,0.35842251136302944
1AVB,V2,V4,0.3000077313184738
1AVB,V2,V5,0.2885086103141307
1AVB,V2,V6,0.34507711516618733
1AVB,V3,V4,0.2964843718528748
1AVB,V3,V5,0.2791868489861488
1AVB,V3,V6,0.3409231613934041
1AVB,V4,V5,0.22309839850664148
1AVB,V4,V6,0.2816091774880886
1AVB,V5,V6,0.2762185096681118
LPR,I,II,0.2536422972168241
LPR,I,III,0.27520611709782056
LPR,AVR,I,0.24932808607816703
LPR,AVL,I,0.24036661553595742
LPR,AVF,I,0.21751231937536175
LPR,I,V4,0.18195315412112642
LPR,I,V5,0.18193360919398924
LPR,II,III,0.35703135936387936
LPR,AVR,II,0.3425001848063299
LPR,AVL,II,0.3220654827037028
LPR,AVF,II,0.2737070700206928
LPR,AVR,III,0.359349973531706
LPR,AVL,III,0.34307175612875396
LPR,AVF,III,0.2924421316385269
LPR,AVL,AVR,0.3166302313336305
LPR,AVF,AVR,0.2693021527358464
LPR,AVF,AVL,0.24958881062056337
LPR,AVF,V4,0.18214712849685125
LPR,AVF,V5,0.1801907100422042
LPR,V1,V2,0.34867727851229063
LPR,V1,V3,0.3514485584199427
LPR,V1,V4,0.28848125496080934
LPR,V1,V5,0.28817424151514265
LPR,V1,V6,0.33397807958935
LPR,V2,V3,0.35767289082918857
LPR,V2,V4,0.2904762923930372
LPR,V2,V5,0.28774781197309485
LPR,V2,V6,0.3361063485486168
LPR,V3,V4,0.29038403472730095
LPR,V3,V5,0.28675564697810574
LPR,V3,V6,0.33592037364840527
LPR,V4,V5,0.22961650857967988
LPR,V4,V6,0.27593092103089595
LPR,V5,V6,0.2697618950690541
ISCIN,I,II,0.25442509673535824
ISCIN,I,III,0.23539389841258526
ISCIN,AVR,I,0.19070116188377143
ISCIN,AVL,I,0.22154705122113227
ISCIN,AVF,I,0.24967466276139022
ISCIN,I,V4,0.18459269605576992
ISCIN,I,V5,0.18567451786249875
ISCIN,II,III,0.27130039740353823
ISCIN,AVR,II,0.22297804187983275
ISCIN,AVL,II,0.2548871034383774
ISCIN,AVF,II,0.27976402968168257
ISCIN,AVR,III,0.20727488189935683
ISCIN,AVL,III,0.2333357274159789
ISCIN,AVF,III,0.26127639509737494
ISCIN,AVL,AVR,0.19544680532068015
ISCIN,AVF,AVR,0.20997960072010755
ISCIN,AVF,AVL,0.2230635090917349
ISCIN,AVF,V4,0.19392166528850793
ISCIN,AVF,V5,0.1992433875799179
ISCIN,V1,V2,0.48923617623746396
ISCIN,V1,V3,0.4520731138437986
ISCIN,V1,V4,0.3517327766865492
ISCIN,V1,V5,0.3519146513193846
ISCIN,V1,V6,0.42371610466390847
ISCIN,V2,V3,0.4293399538099766
ISCIN,V2,V4,0.33191059820353985
ISCIN,V2,V5,0.32362591471523044
ISCIN,V2,V6,0.392131809592247
ISCIN,V3,V4,0.30472196608781815
ISCIN,V3,V5,0.29447525840252636
ISCIN,V3,V6,0.3532780369743705
ISCIN,V4,V5,0.21547916397452355
ISCIN,V4,V6,0.2618382778018713
ISCIN,V5,V6,0.25336689125746487
RAO/RAE,I,II,0.17910223975777625
RAO/RAE,I,III,0.15380355849862098
RAO/RAE,AVR,I,0.15426030822098255
RAO/RAE,AVL,I,0.16052643239498138
RAO/RAE,AVF,I,0.15928790844976903
RAO/RAE,I,V4,0.16616817355155944
RAO/RAE,I,V5,0.17362038381397724
RAO/RAE,II,III,0.19745150744915008
RAO/RAE,AVR,II,0.16730712957680224
RAO/RAE,AVL,II,0.186572145819664
RAO/RAE,AVF,II,0.21159232407808304
RAO/RAE,AVR,III,0.1530064059793949
RAO/RAE,AVL,III,0.1572829296439886
RAO/RAE,AVF,III,0.1726991878449917
RAO/RAE,AVL,AVR,0.15489142417907714
RAO/RAE,AVF,AVR,0.15304107435047626
RAO/RAE,AVF,AVL,0.15462548680603505
RAO/RAE,AVF,V4,0.17881408512592314
RAO/RAE,AVF,V5,0.18329226203262805
RAO/RAE,V1,V2,0.4728539890050888
RAO/RAE,V1,V3,0.4638959231227636
RAO/RAE,V1,V4,0.32523814477026464
RAO/RAE,V1,V5,0.33530683904886244
RAO/RAE,V1,V6,0.42833364859223366
RAO/RAE,V2,V3,0.4749820229411125
RAO/RAE,V2,V4,0.3627004911750555
RAO/RAE,V2,V5,0.36648251324892045
RAO/RAE,V2,V6,0.45074532330036166
RAO/RAE,V3,V4,0.33974956564605235
RAO/RAE,V3,V5,0.3294340088963509
RAO/RAE,V3,V6,0.4235279865562916
RAO/RAE,V4,V5,0.23350002720952034
RAO/RAE,V4,V6,0.3169631747156382
RAO/RAE,V5,V6,0.3038760120421648
STACH,I,II,0.23379384144492757
STACH,I,III,0.2303654922609744
STACH,AVR,I,0.21331944095051802
STACH,AVL,I,0.21995718810869305
STACH,AVF,I,0.20446225825211278
STACH,I,V4,0.18788917235058286
STACH,I,V5,0.18819819338295765
STACH,II,III,0.29076796449396924
STACH,AVR,II,0.2711359482874042
STACH,AVL,II,0.27542038477633307
STACH,AVF,II,0.2551667679911074
STACH,AVR,III,0.26998802757133605
STACH,AVL,III,0.27753703588376877
STACH,AVF,III,0.25303242204629856
STACH,AVL,AVR,0.2516142666858176
STACH,AVF,AVR,0.23214486324268832
STACH,AVF,AVL,0.2342609257348206
STACH,AVF,V4,0.187690531928902
STACH,AVF,V5,0.1884269364048605
STACH,V1,V2,0.38123125685297937
STACH,V1,V3,0.37540582726830996
STACH,V1,V4,0.2950853511885456
STACH,V1,V5,0.2989892686838688
STACH,V1,V6,0.35739618267054146
STACH,V2,V3,0.38251875467922375
STACH,V2,V4,0.30472708314657215
STACH,V2,V5,0.3040889211322951
STACH,V2,V6,0.3593167880954949
STACH,V3,V4,0.30319177201908565
STACH,V3,V5,0.29820337017593174
STACH,V3,V6,0.3552129239815733
STACH,V4,V5,0.22953668120114695
STACH,V4,V6,0.2720560264976129
STACH,V5,V6,0.2814718288701514
IRBBB,I,II,0.26048328012228006
IRBBB,I,III,0.2683593796125867
IRBBB,AVR,I,0.24638596889647568
IRBBB,AVL,I,0.24182355958629734
IRBBB,AVF,I,0.22740794252265586
IRBBB,I,V4,0.20833132088861686
IRBBB,I,V5,0.2029305156252601
IRBBB,II,III,0.3218986660106614
IRBBB,AVR,II,0.3021898069571365
IRBBB,AVL,II,0.2913266139342026
IRBBB,AVF,II,0.26192110260101875
IRBBB,AVR,III,0.31424897853623734
IRBBB,AVL,III,0.303616016513922
IRBBB,AVF,III,0.27031256595118475
IRBBB,AVL,AVR,0.2786798337305134
IRBBB,AVF,AVR,0.24992064305327158
IRBBB,AVF,AVL,0.23444300096143375
IRBBB,AVF,V4,0.20609845367344942
IRBBB,AVF,V5,0.20274498665874652
IRBBB,V1,V2,0.36364385148341
IRBBB,V1,V3,0.3571606373109601
IRBBB,V1,V4,0.30414033230732795
IRBBB,V1,V5,0.3059201450645923
IRBBB,V1,V6,0.34644209758124567
IRBBB,V2,V3,0.35873786054551604
IRBBB,V2,V4,0.31183260173282845
IRBBB,V2,V5,0.3128392277387057
IRBBB,V2,V6,0.35315308009358964
IRBBB,V3,V4,0.2976790132779966
IRBBB,V3,V5,0.2979259722883051
IRBBB,V3,V6,0.3350711398978126
IRBBB,V4,V5,0.2435136776552959
IRBBB,V4,V6,0.2807889740575444
IRBBB,V5,V6,0.2835889211364768
3AVB,I,II,0.25367394372820856
3AVB,I,III,0.24309103690087797
3AVB,AVR,I,0.21417589001357556
3AVB,AVL,I,0.24305632337927818
3AVB,AVF,I,0.23234697848558425
3AVB,I,V4,0.18493714950978757
3AVB,I,V5,0.17948512993752958
3AVB,II,III,0.29602920211851597
3AVB,AVR,II,0.2442996699362993
3AVB,AVL,II,0.28150650471448896
3AVB,AVF,II,0.2633233720809221
3AVB,AVR,III,0.25699470221996307
3AVB,AVL,III,0.25700447089970113
3AVB,AVF,III,0.26055044002830985
3AVB,AVL,AVR,0.24018996641039847
3AVB,AVF,AVR,0.22114336244761945
3AVB,AVF,AVL,0.2408217090368271
3AVB,AVF,V4,0.19263265073299407
3AVB,AVF,V5,0.18617788955569267
3AVB,V1,V2,0.49918946087360383
3AVB,V1,V3,0.4856852869689465
3AVB,V1,V4,0.42881585530936717
3AVB,V1,V5,0.4178961727023125
3AVB,V1,V6,0.4618866115808487
3AVB,V2,V3,0.4161207394301891
3AVB,V2,V4,0.3540622697025537
3AVB,V2,V5,0.3477546416223049
3AVB,V2,V6,0.4259681263566017
3AVB,V3,V4,0.32213009156286715
3AVB,V3,V5,0.33118573158979414
3AVB,V3,V6,0.40171544030308726
3AVB,V4,V5,0.26902514807879924
3AVB,V4,V6,0.3457216876745224
3AVB,V5,V6,0.37754910945892334
INJIL,I,II,0.20272293746471404
INJIL,I,III,0.17282188937067985
INJIL,AVR,I,0.16498654156923295
INJIL,AVL,I,0.20956505596637726
INJIL,AVF,I,0.1658155305683613
INJIL,I,V4,0.14921558409929275
INJIL,I,V5,0.1834430994093418
INJIL,II,III,0.17285607516765594
INJIL,AVR,II,0.17474576368927955
INJIL,AVL,II,0.20191755622625351
INJIL,AVF,II,0.16992850139737128
INJIL,AVR,III,0.15662236467003823
INJIL,AVL,III,0.16403019934892654
INJIL,AVF,III,0.15248704373836516
INJIL,AVL,AVR,0.17426394999027253
INJIL,AVF,AVR,0.16377091586589812
INJIL,AVF,AVL,0.17180878847837447
INJIL,AVF,V4,0.16810900568962098
INJIL,AVF,V5,0.16581614255905153
INJIL,V1,V2,0.485766039788723
INJIL,V1,V3,0.440900377035141
INJIL,V1,V4,0.3840640637278557
INJIL,V1,V5,0.33057581588625906
INJIL,V1,V6,0.47018079727888107
INJIL,V2,V3,0.47197147279977797
INJIL,V2,V4,0.3822490438818932
INJIL,V2,V5,0.3982945466041565
INJIL,V2,V6,0.4710852727293968
INJIL,V3,V4,0.3776731377840042
INJIL,V3,V5,0.38343744069337843
INJIL,V3,V6,0.46166097939014433
INJIL,V4,V5,0.24139417737722396
INJIL,V4,V6,0.36137939304113387
INJIL,V5,V6,0.348913362622261
LPFB,I,II,0.22257535248994828
LPFB,I,III,0.24394646912813187
LPFB,AVR,I,0.1926993042230606
LPFB,AVL,I,0.2085627345740795
LPFB,AVF,I,0.2175327308475971
LPFB,I,V4,0.19252776801586152
LPFB,I,V5,0.21201011165976524
LPFB,II,III,0.28260617315769193
LPFB,AVR,II,0.22520558387041092
LPFB,AVL,II,0.25792229279875756
LPFB,AVF,II,0.2585895048081875
LPFB,AVR,III,0.20930486664175987
LPFB,AVL,III,0.26807345092296603
LPFB,AVF,III,0.23551098987460137
LPFB,AVL,AVR,0.21553848713636398
LPFB,AVF,AVR,0.2020251676440239
LPFB,AVF,AVL,0.23926548048853874
LPFB,AVF,V4,0.18852939069271088
LPFB,AVF,V5,0.20450637564063073
LPFB,V1,V2,0.5141854500770568
LPFB,V1,V3,0.462260662317276
LPFB,V1,V4,0.40371869057416915
LPFB,V1,V5,0.4367299595475197
LPFB,V1,V6,0.48466226816177366
LPFB,V2,V3,0.4614206051826477
LPFB,V2,V4,0.4086698767542839
LPFB,V2,V5,0.39332414001226423
LPFB,V2,V6,0.3860668596625328
LPFB,V3,V4,0.3705025589466095
LPFB,V3,V5,0.37682126998901366
LPFB,V3,V6,0.34945579916238784
LPFB,V4,V5,0.2687514877319336
LPFB,V4,V6,0.2981315644085407
LPFB,V5,V6,0.255079130679369
PVC,I,II,0.24830709278583518
PVC,I,III,0.24833692821554654
PVC,AVR,I,0.22539316134192997
PVC,AVL,I,0.2290732168616393
PVC,AVF,I,0.22608738968387634
PVC,I,V4,0.22552265111834582
PVC,I,V5,0.21826229164615651
PVC,II,III,0.29040192065330644
PVC,AVR,II,0.26831802174066893
PVC,AVL,II,0.266252224162603
PVC,AVF,II,0.2579326366728697
PVC,AVR,III,0.26480502228706304
PVC,AVL,III,0.26820372126805475
PVC,AVF,III,0.2578581483585711
PVC,AVL,AVR,0.24218555001494213
PVC,AVF,AVR,0.23437592924405365
PVC,AVF,AVL,0.23406187905332984
PVC,AVF,V4,0.22186318487693107
PVC,AVF,V5,0.21899179976337993
PVC,V1,V2,0.34613143549515657
PVC,V1,V3,0.3425980928884103
PVC,V1,V4,0.30915459842636034
PVC,V1,V5,0.30973168913752613
PVC,V1,V6,0.347457992526201
PVC,V2,V3,0.3404213260037776
PVC,V2,V4,0.31008322516695047
PVC,V2,V5,0.30470287430362825
PVC,V2,V6,0.3437215168315629
PVC,V3,V4,0.31263403849341925
PVC,V3,V5,0.3082182782277081
PVC,V3,V6,0.34075936618141645
PVC,V4,V5,0.271632032275964
PVC,V4,V6,0.3043112158737122
PVC,V5,V6,0.30560161377757017
ILMI,I,II,0.18063853297382593
ILMI,I,III,0.18322481846436858
ILMI,AVR,I,0.16440866214223207
ILMI,AVL,I,0.1830032051447779
ILMI,AVF,I,0.18641817810013891
ILMI,I,V4,0.1745732757076621
ILMI,I,V5,0.17174977662041782
ILMI,II,III,0.18655162812210618
ILMI,AVR,II,0.1672249950747937
ILMI,AVL,II,0.18243542389944195
ILMI,AVF,II,0.18503393581137062
ILMI,AVR,III,0.1691616139281541
ILMI,AVL,III,0.18441989274695517
ILMI,AVF,III,0.18781905760057271
ILMI,AVL,AVR,0.16414627595804632
ILMI,AVF,AVR,0.1676406750548631
ILMI,AVF,AVL,0.18536105565726757
ILMI,AVF,V4,0.1832505719177425
ILMI,AVF,V5,0.17959777729585766
ILMI,V1,V2,0.4689369015861303
ILMI,V1,V3,0.440049068601802
ILMI,V1,V4,0.3637936264555901
ILMI,V1,V5,0.3581767918076366
ILMI,V1,V6,0.42562514850869776
ILMI,V2,V3,0.4413180402573198
ILMI,V2,V4,0.3700271111540496
ILMI,V2,V5,0.362604996021837
ILMI,V2,V6,0.42081691876985133
ILMI,V3,V4,0.34760631538927556
ILMI,V3,V5,0.3376975873950869
ILMI,V3,V6,0.39218390901573
ILMI,V4,V5,0.2600746683962643
ILMI,V4,V6,0.3273293423373252
ILMI,V5,V6,0.3194553602766246
CLBBB,I,II,0.15220756094902754
CLBBB,I,III,0.16430319491773843
CLBBB,AVR,I,0.1538018959015608
CLBBB,AVL,I,0.1695105341821909
CLBBB,AVF,I,0.16695667997002603
CLBBB,I,V4,0.19632208440452814
CLBBB,I,V5,0.18236439041793345
CLBBB,II,III,0.16343079164624214
CLBBB,AVR,II,0.14673224698752166
CLBBB,AVL,II,0.16413024272769688
CLBBB,AVF,II,0.15917319566011429
CLBBB,AVR,III,0.15671022120863198
CLBBB,AVL,III,0.1736748815327883
CLBBB,AVF,III,0.17570982217788697
CLBBB,AVL,AVR,0.16194514103233815
CLBBB,AVF,AVR,0.15639997728168964
CLBBB,AVF,AVL,0.17155279736965895
CLBBB,AVF,V4,0.21332209307700395
CLBBB,AVF,V5,0.20357235990464687
CLBBB,V1,V2,0.4008431788906455
CLBBB,V1,V3,0.3867520631104708
CLBBB,V1,V4,0.3360626085475087
CLBBB,V1,V5,0.3340313920751214
CLBBB,V1,V6,0.4087278160080314
CLBBB,V2,V3,0.3867034391313791
CLBBB,V2,V4,0.35503109876066447
CLBBB,V2,V5,0.3352933981269598
CLBBB,V2,V6,0.4039761798456311
CLBBB,V3,V4,0.35288940511643885
CLBBB,V3,V5,0.33237926952540875
CLBBB,V3,V6,0.3972611463442445
CLBBB,V4,V5,0.28652754247188567
CLBBB,V4,V6,0.3433640167489648
CLBBB,V5,V6,0.35019449025392535
QWAVE,I,II,0.2605578228424896
QWAVE,I,III,0.281508201902563
QWAVE,AVR,I,0.2595076606941945
QWAVE,AVL,I,0.2401615092113162
QWAVE,AVF,I,0.21709169566179776
QWAVE,I,V4,0.18568279622630635
QWAVE,I,V5,0.18269537848505105
QWAVE,II,III,0.38552027604796657
QWAVE,AVR,II,0.3517568484219638
QWAVE,AVL,II,0.3306463196557579
QWAVE,AVF,II,0.2850113284362085
QWAVE,AVR,III,0.3820442939617418
QWAVE,AVL,III,0.34962719506838097
QWAVE,AVF,III,0.3116539635667296
QWAVE,AVL,AVR,0.32867090888547174
QWAVE,AVF,AVR,0.2789513317021456
QWAVE,AVF,AVL,0.24962195845264376
QWAVE,AVF,V4,0.18710739545749897
QWAVE,AVF,V5,0.18510542763453539
QWAVE,V1,V2,0.3254885375228796
QWAVE,V1,V3,0.3224073781524644
QWAVE,V1,V4,0.2754733604734594
QWAVE,V1,V5,0.26625629759647634
QWAVE,V1,V6,0.3183362334108714
QWAVE,V2,V3,0.3370215352105373
QWAVE,V2,V4,0.2781279859037109
QWAVE,V2,V5,0.2732359340290228
QWAVE,V2,V6,0.3296495633820692
QWAVE,V3,V4,0.2796409208214644
QWAVE,V3,V5,0.27042299443122103
QWAVE,V3,V6,0.32467419627037913
QWAVE,V4,V5,0.22057778339494355
QWAVE,V4,V6,0.26625995371829386
QWAVE,V5,V6,0.264519433008902
AMI,I,II,0.2673832964897156
AMI,I,III,0.34645399570465085
AMI,AVR,I,0.36558235973119735
AMI,AVL,I,0.2352255392074585
AMI,AVF,I,0.26213871508836745
AMI,I,V4,0.1715403190255165
AMI,I,V5,0.16377078428864478
AMI,II,III,0.6146614253520966
AMI,AVR,II,0.5301756012439728
AMI,AVL,II,0.4084930956363678
AMI,AVF,II,0.38424875468015673
AMI,AVR,III,0.6195217773318291
AMI,AVL,III,0.5492177566885948
AMI,AVF,III,0.45541546151041984
AMI,AVL,AVR,0.5050518068671227
AMI,AVF,AVR,0.4526518984138966
AMI,AVF,AVL,0.349998771250248
AMI,AVF,V4,0.19140710726380347
AMI,AVF,V5,0.17498753175139428
AMI,V1,V2,0.15102271392941474
AMI,V1,V3,0.1822287069261074
AMI,V1,V4,0.16527264893054963
AMI,V1,V5,0.1653526809811592
AMI,V1,V6,0.1741806858778
AMI,V2,V3,0.17357066676020622
AMI,V2,V4,0.165176415592432
AMI,V2,V5,0.16372754842042922
AMI,V2,V6,0.1670227375626564
AMI,V3,V4,0.19133723944425582
AMI,V3,V5,0.1928969603776932
AMI,V3,V6,0.1963139757514
AMI,V4,V5,0.17215555295348167
AMI,V4,V6,0.18714427888393403
AMI,V5,V6,0.1879439903795719
NDT,I,II,0.30461255316029895
NDT,I,III,0.3531297508830375
NDT,AVR,I,0.34912743281234393
NDT,AVL,I,0.29418143481016157
NDT,AVF,I,0.21858222167600277
NDT,I,V4,0.17225881076671865
NDT,I,V5,0.1710150001401251
NDT,II,III,0.5522218758680605
NDT,AVR,II,0.5273965983363714
NDT,AVL,II,0.4613111253082752
NDT,AVF,II,0.34098486466841266
NDT,AVR,III,0.5929774905334818
NDT,AVL,III,0.5248531452227723
NDT,AVF,III,0.3951769547164441
NDT,AVL,AVR,0.5074115705219182
NDT,AVF,AVR,0.3660753551938317
NDT,AVF,AVL,0.2877336615730415
NDT,AVF,V4,0.17116851198402316
NDT,AVF,V5,0.1726167203892361
NDT,V1,V2,0.24975720864805315
NDT,V1,V3,0.25193313315510746
NDT,V1,V4,0.19235096193172713
NDT,V1,V5,0.19206562116742132
NDT,V1,V6,0.23917419032617052
NDT,V2,V3,0.2766204218295487
NDT,V2,V4,0.2020840355889364
NDT,V2,V5,0.20322234770113767
NDT,V2,V6,0.26542461083693936
NDT,V3,V4,0.2028737734258175
NDT,V3,V5,0.20039739883758803
NDT,V3,V6,0.27269337664950977
NDT,V4,V5,0.16031137062744663
NDT,V4,V6,0.1994737422601743
NDT,V5,V6,0.19680096954107285
LMI,I,II,0.20417955647621835
LMI,I,III,0.2013635830155441
LMI,AVR,I,0.1699016852251121
LMI,AVL,I,0.18838121627058296
LMI,AVF,I,0.2037106335163117
LMI,I,V4,0.19872402027249333
LMI,I,V5,0.18358851187995506
LMI,II,III,0.2331790624558926
LMI,AVR,II,0.1867538178818566
LMI,AVL,II,0.2067021082767419
LMI,AVF,II,0.22555696527872762
LMI,AVR,III,0.18332474161471637
LMI,AVL,III,0.197633386680058
LMI,AVF,III,0.2238912960461208
LMI,AVL,AVR,0.16971608323710308
LMI,AVF,AVR,0.1750404066911765
LMI,AVF,AVL,0.18892734936305455
LMI,AVF,V4,0.1967681462424142
LMI,AVF,V5,0.18163278656346457
LMI,V1,V2,0.472520260065794
LMI,V1,V3,0.4599416060107093
LMI,V1,V4,0.36264933298741064
LMI,V1,V5,0.3518540832400322
LMI,V1,V6,0.4247232030119214
LMI,V2,V3,0.45403566158243586
LMI,V2,V4,0.34573806794626355
LMI,V2,V5,0.3453879637590477
LMI,V2,V6,0.41465099400707656
LMI,V3,V4,0.35250600455062747
LMI,V3,V5,0.34374119420136723
LMI,V3,V6,0.41530224806496085
LMI,V4,V5,0.25584782025643754
LMI,V4,V6,0.3265793491474219
LMI,V5,V6,0.305142033547163
ISCIL,I,II,0.20120504438877107
ISCIL,I,III,0.20249391674995423
ISCIL,AVR,I,0.16455631002783774
ISCIL,AVL,I,0.1783804751932621
ISCIL,AVF,I,0.1840350556373596
ISCIL,I,V4,0.22712030112743378
ISCIL,I,V5,0.19608760088682176
ISCIL,II,III,0.21662767738103866
ISCIL,AVR,II,0.15455618962645531
ISCIL,AVL,II,0.16783225551247596
ISCIL,AVF,II,0.21333691135048866
ISCIL,AVR,III,0.15581770986318588
ISCIL,AVL,III,0.17100392565131187
ISCIL,AVF,III,0.21935830488801003
ISCIL,AVL,AVR,0.1578581790626049
ISCIL,AVF,AVR,0.15235097721219062
ISCIL,AVF,AVL,0.17181638970971108
ISCIL,AVF,V4,0.22509542793035509
ISCIL,AVF,V5,0.19204551458358765
ISCIL,V1,V2,0.5834424659609795
ISCIL,V1,V3,0.46310675248503685
ISCIL,V1,V4,0.37272814810276034
ISCIL,V1,V5,0.3715898859500885
ISCIL,V1,V6,0.49439949572086334
ISCIL,V2,V3,0.43694695219397545
ISCIL,V2,V4,0.35399741217494013
ISCIL,V2,V5,0.35391843169927595
ISCIL,V2,V6,0.45410679310560226
ISCIL,V3,V4,0.2977712906897068
ISCIL,V3,V5,0.30009036853909493
ISCIL,V3,V6,0.39223978847265245
ISCIL,V4,V5,0.24772848829627037
ISCIL,V4,V6,0.28144086137413976
ISCIL,V5,V6,0.26449322298169137
DIG,I,II,0.23749619975686076
DIG,I,III,0.2626779977977276
DIG,AVR,I,0.24036394459009172
DIG,AVL,I,0.22560022294521329
DIG,AVF,I,0.1923131330907345
DIG,I,V4,0.17028708532452577
DIG,I,V5,0.17477488785982134
DIG,II,III,0.3467375485897064
DIG,AVR,II,0.3098662752807141
DIG,AVL,II,0.29608243709802623
DIG,AVF,II,0.2425091958045959
DIG,AVR,III,0.3416003338098526
DIG,AVL,III,0.3241852869689464
DIG,AVF,III,0.2819213395118713
DIG,AVL,AVR,0.30056111329793933
DIG,AVF,AVR,0.23930431509017938
DIG,AVF,AVL,0.22067430725693693
DIG,AVF,V4,0.17107026341557505
DIG,AVF,V5,0.17292282247543336
DIG,V1,V2,0.3603327151238919
DIG,V1,V3,0.3533181375265121
DIG,V1,V4,0.26906583923101424
DIG,V1,V5,0.2956408174335957
DIG,V1,V6,0.3599142297804355
DIG,V2,V3,0.36312752738595017
DIG,V2,V4,0.26438556012511255
DIG,V2,V5,0.2857393116354943
DIG,V2,V6,0.3631838959157465
DIG,V3,V4,0.26088061362504955
DIG,V3,V5,0.2729012631177903
DIG,V3,V6,0.3589072942733765
DIG,V4,V5,0.2145318309962749
DIG,V4,V6,0.2779971641004086
DIG,V5,V6,0.29689957818388935
LOWT,I,II,0.28144629066189136
LOWT,I,III,0.3043702631443739
LOWT,AVR,I,0.27907927667101223
LOWT,AVL,I,0.26286315344274036
LOWT,AVF,I,0.22948570035398005
LOWT,I,V4,0.17802898367245998
LOWT,I,V5,0.16141569601992767
LOWT,II,III,0.43744855744143335
LOWT,AVR,II,0.39292872761686637
LOWT,AVL,II,0.3680161237965029
LOWT,AVF,II,0.32548294690748053
LOWT,AVR,III,0.4087630316863457
LOWT,AVL,III,0.3800369462619224
LOWT,AVF,III,0.34668300350507103
LOWT,AVL,AVR,0.3586140157033999
LOWT,AVF,AVR,0.30197344824671757
LOWT,AVF,AVL,0.2687130489945412
LOWT,AVF,V4,0.18076112546026707
LOWT,AVF,V5,0.1716077892730633
LOWT,V1,V2,0.3449746867765983
LOWT,V1,V3,0.3452364689856768
LOWT,V1,V4,0.26387651465833195
LOWT,V1,V5,0.2666906708975633
LOWT,V1,V6,0.32129220254719265
LOWT,V2,V3,0.3442050946503878
LOWT,V2,V4,0.2533205242951712
LOWT,V2,V5,0.2578262859334549
LOWT,V2,V6,0.3318602040906748
LOWT,V3,V4,0.2556515887627999
LOWT,V3,V5,0.25104754030704496
LOWT,V3,V6,0.3365912509957949
LOWT,V4,V5,0.19319595118363697
LOWT,V4,V6,0.24235353176792465
LOWT,V5,V6,0.2483931612968445
ALMI,I,II,0.20083522946635887
ALMI,I,III,0.20778263811270395
ALMI,AVR,I,0.17902637060483292
ALMI,AVL,I,0.18960290369391444
ALMI,AVF,I,0.18443437360723816
ALMI,I,V4,0.1800307780106863
ALMI,I,V5,0.17433822649717332
ALMI,II,III,0.25291930165886883
ALMI,AVR,II,0.21468141008416816
ALMI,AVL,II,0.2302900367975235
ALMI,AVF,II,0.21835058077176409
ALMI,AVR,III,0.22052127070228256
ALMI,AVL,III,0.229193666100502
ALMI,AVF,III,0.22488234476248423
ALMI,AVL,AVR,0.19890110158920293
ALMI,AVF,AVR,0.19315553368131322
ALMI,AVF,AVL,0.19633495947718627
ALMI,AVF,V4,0.17575341036915784
ALMI,AVF,V5,0.1687737942437331
ALMI,V1,V2,0.42072402575612067
ALMI,V1,V3,0.4112775433758895
ALMI,V1,V4,0.3553703478574753
ALMI,V1,V5,0.34833340405424407
ALMI,V1,V6,0.4160657762289048
ALMI,V2,V3,0.39826515703399984
ALMI,V2,V4,0.3521737680633862
ALMI,V2,V5,0.34639073834816614
ALMI,V2,V6,0.4179717475871245
ALMI,V3,V4,0.34802304977178566
ALMI,V3,V5,0.3363398598631222
ALMI,V3,V6,0.4033355795542398
ALMI,V4,V5,0.258008592536052
ALMI,V4,V6,0.3445514611999194
ALMI,V5,V6,0.33806639497478796
STE_,I,II,0.3375042271614075
STE_,I,III,0.28571498930454253
STE_,AVR,I,0.2693362134695053
STE_,AVL,I,0.2888328218460083
STE_,AVF,I,0.3255453772842884
STE_,I,V4,0.30798425793647766
STE_,I,V5,0.27630277901887895
STE_,II,III,0.27082101672887804
STE_,AVR,II,0.25590493947267534
STE_,AVL,II,0.3246871741116047
STE_,AVF,II,0.3200768347084522
STE_,AVR,III,0.1765005162358284
STE_,AVL,III,0.24099643096327783
STE_,AVF,III,0.2583037830889225
STE_,AVL,AVR,0.21891936555504798
STE_,AVF,AVR,0.25558636263012885
STE_,AVF,AVL,0.2683519713580608
STE_,AVF,V4,0.2919196505844593
STE_,AVF,V5,0.2728832158446312
STE_,V1,V2,0.2537035518884659
STE_,V1,V3,0.2767501202225685
STE_,V1,V4,0.23218470975756644
STE_,V1,V5,0.24449558958411216
STE_,V1,V6,0.2468425041437149
STE_,V2,V3,0.29251978173851967
STE_,V2,V4,0.26335917398333547
STE_,V2,V5,0.26369549438357354
STE_,V2,V6,0.26881746143102647
STE_,V3,V4,0.27804994106292724
STE_,V3,V5,0.27983315750956533
STE_,V3,V6,0.280160264223814
STE_,V4,V5,0.30767184048891066
STE_,V4,V6,0.27909932523965836
STE_,V5,V6,0.2743579562008381
ISCLA,I,II,0.2648895373940468
ISCLA,I,III,0.30252962765594327
ISCLA,AVR,I,0.29265112514297176
ISCLA,AVL,I,0.25487345273296036
ISCLA,AVF,I,0.20906362605591616
ISCLA,I,V4,0.17224784185489017
ISCLA,I,V5,0.17008609461287655
ISCLA,II,III,0.45188986351092664
ISCLA,AVR,II,0.4285014927387239
ISCLA,AVL,II,0.3712351394196351
ISCLA,AVF,II,0.2806299279381832
ISCLA,AVR,III,0.4883437812079986
ISCLA,AVL,III,0.4266744865973792
ISCLA,AVF,III,0.32893309938410914
ISCLA,AVL,AVR,0.41534894141058115
ISCLA,AVF,AVR,0.3188905298461517
ISCLA,AVF,AVL,0.2721520860493183
ISCLA,AVF,V4,0.1732492412130038
ISCLA,AVF,V5,0.171229773859183
ISCLA,V1,V2,0.2891460778564214
ISCLA,V1,V3,0.2991197193910679
ISCLA,V1,V4,0.24458588560422265
ISCLA,V1,V5,0.23567612265547122
ISCLA,V1,V6,0.2709408317506314
ISCLA,V2,V3,0.3139419926951328
ISCLA,V2,V4,0.25708293358484907
ISCLA,V2,V5,0.2408160776396592
ISCLA,V2,V6,0.2867522477110227
ISCLA,V3,V4,0.2649336664378643
ISCLA,V3,V5,0.25064163528382777
ISCLA,V3,V6,0.2923024594783783
ISCLA,V4,V5,0.20201059641937413
ISCLA,V4,V6,0.24288791591922446
ISCLA,V5,V6,0.24171484480301542
BIGU,I,II,0.22035231687128543
BIGU,I,III,0.20607354052364826
BIGU,AVR,I,0.19925114713609218
BIGU,AVL,I,0.22578829549252988
BIGU,AVF,I,0.22156540162861346
BIGU,I,V4,0.24012887418270112
BIGU,I,V5,0.24024827316403388
BIGU,II,III,0.21877417892217635
BIGU,AVR,II,0.19571856327354908
BIGU,AVL,II,0.20963764935731888
BIGU,AVF,II,0.22098750308156012
BIGU,AVR,III,0.19419045500457288
BIGU,AVL,III,0.2076618902385235
BIGU,AVF,III,0.2142461647093296
BIGU,AVL,AVR,0.16660078935325145
BIGU,AVF,AVR,0.20221284970641137
BIGU,AVF,AVL,0.20093971498310567
BIGU,AVF,V4,0.24250674858689308
BIGU,AVF,V5,0.25008510030806064
BIGU,V1,V2,0.37017375268042085
BIGU,V1,V3,0.37946751311421395
BIGU,V1,V4,0.33333315446972844
BIGU,V1,V5,0.3463777957856655
BIGU,V1,V6,0.36056766800582407
BIGU,V2,V3,0.3736712907999754
BIGU,V2,V4,0.3102883565425873
BIGU,V2,V5,0.31782311014831066
BIGU,V2,V6,0.34864242628216746
BIGU,V3,V4,0.367213779091835
BIGU,V3,V5,0.3704560527950525
BIGU,V3,V6,0.40001265309751033
BIGU,V4,V5,0.3357595085352659
BIGU,V4,V6,0.35337252371013167
BIGU,V5,V6,0.36324998147785664
ISCAS,I,II,0.3122552866861224
ISCAS,I,III,0.35962513063102963
ISCAS,AVR,I,0.3397862197831273
ISCAS,AVL,I,0.3035337591171265
ISCAS,AVF,I,0.23651197239756583
ISCAS,I,V4,0.17927209440618752
ISCAS,I,V5,0.1773661133274436
ISCAS,II,III,0.5620334335789084
ISCAS,AVR,II,0.5294550614058972
ISCAS,AVL,II,0.4734502328932285
ISCAS,AVF,II,0.33270163990557194
ISCAS,AVR,III,0.5883425475656986
ISCAS,AVL,III,0.5562778141349554
ISCAS,AVF,III,0.3796840722858906
ISCAS,AVL,AVR,0.5183486034721136
ISCAS,AVF,AVR,0.343079650439322
ISCAS,AVF,AVL,0.3207841786369681
ISCAS,AVF,V4,0.18092793062329293
ISCAS,AVF,V5,0.1762979880720377
ISCAS,V1,V2,0.19790762461721897
ISCAS,V1,V3,0.20928904615342617
ISCAS,V1,V4,0.17970063019543886
ISCAS,V1,V5,0.17360632091760636
ISCAS,V1,V6,0.2067067823559046
ISCAS,V2,V3,0.2433086771517992
ISCAS,V2,V4,0.1939357902482152
ISCAS,V2,V5,0.18010335508733988
ISCAS,V2,V6,0.224789279140532
ISCAS,V3,V4,0.1947213638201356
ISCAS,V3,V5,0.18412760324776173
ISCAS,V3,V6,0.23011103492230178
ISCAS,V4,V5,0.15946055825799704
ISCAS,V4,V6,0.18677752789109944
ISCAS,V5,V6,0.18308187946677207
LNGQT,I,II,0.2688210104778409
LNGQT,I,III,0.3096319029480219
LNGQT,AVR,I,0.31354611553251743
LNGQT,AVL,I,0.26254583600908515
LNGQT,AVF,I,0.2099647681415081
LNGQT,I,V4,0.18412278454750777
LNGQT,I,V5,0.18497465319931508
LNGQT,II,III,0.44291699551045893
LNGQT,AVR,II,0.42419630475342274
LNGQT,AVL,II,0.360921559073031
LNGQT,AVF,II,0.2868214299157262
LNGQT,AVR,III,0.48494073789566755
LNGQT,AVL,III,0.4310107393935323
LNGQT,AVF,III,0.36356591671705246
LNGQT,AVL,AVR,0.4280838319659233
LNGQT,AVF,AVR,0.3590577833727002
LNGQT,AVF,AVL,0.2868940670415759
LNGQT,AVF,V4,0.18756942559033632
LNGQT,AVF,V5,0.17873725473880767
LNGQT,V1,V2,0.25616987150162457
LNGQT,V1,V3,0.2712284746393561
LNGQT,V1,V4,0.21157427068799733
LNGQT,V1,V5,0.21432196874171494
LNGQT,V1,V6,0.250222095772624
LNGQT,V2,V3,0.2847076180204749
LNGQT,V2,V4,0.22737008858472108
LNGQT,V2,V5,0.218877029530704
LNGQT,V2,V6,0.26175271786749366
LNGQT,V3,V4,0.23465343095362187
LNGQT,V3,V5,0.22467998694628477
LNGQT,V3,V6,0.26535515412688254
LNGQT,V4,V5,0.1763878505304456
LNGQT,V4,V6,0.2047982830554247
LNGQT,V5,V6,0.20854807164520026
INJAS,I,II,0.28678574465215206
INJAS,I,III,0.34699828691780565
INJAS,AVR,I,0.33678109042346477
INJAS,AVL,I,0.2652537453174591
INJAS,AVF,I,0.21192248709499836
INJAS,I,V4,0.1628879749774933
INJAS,I,V5,0.15671625800430775
INJAS,II,III,0.5510298845171928
INJAS,AVR,II,0.52269551679492
INJAS,AVL,II,0.4390599569678307
INJAS,AVF,II,0.3391017836332321
INJAS,AVR,III,0.6627957262098789
INJAS,AVL,III,0.5579702568054199
INJAS,AVF,III,0.4242767537385225
INJAS,AVL,AVR,0.5075830711424351
INJAS,AVF,AVR,0.40206446759402753
INJAS,AVF,AVL,0.2976827558130026
INJAS,AVF,V4,0.16463476315140724
INJAS,AVF,V5,0.16209883227944374
INJAS,V1,V2,0.17416321389377118
INJAS,V1,V3,0.16647324934601784
INJAS,V1,V4,0.14696122415363788
INJAS,V1,V5,0.14492824107408522
INJAS,V1,V6,0.15853870958089827
INJAS,V2,V3,0.1864018815755844
INJAS,V2,V4,0.16074106127023696
INJAS,V2,V5,0.16523615561425686
INJAS,V2,V6,0.18769023209810257
INJAS,V3,V4,0.15696941584348678
INJAS,V3,V5,0.16294459208846093
INJAS,V3,V6,0.19601997531950474
INJAS,V4,V5,0.1426011574268341
INJAS,V4,V6,0.15034160360693932
INJAS,V5,V6,0.14949776381254196
INJAL,I,II,0.2652264848848184
INJAL,I,III,0.3080292510489622
INJAL,AVR,I,0.3207436499993006
INJAL,AVL,I,0.25556745866934466
INJAL,AVF,I,0.20573969577749576
INJAL,I,V4,0.16665390908718108
INJAL,I,V5,0.17304006740450859
INJAL,II,III,0.42923447251319885
INJAL,AVR,II,0.4443699488540491
INJAL,AVL,II,0.33121471554040893
INJAL,AVF,II,0.2709753818809987
INJAL,AVR,III,0.5161112556854883
INJAL,AVL,III,0.39648270035783456
INJAL,AVF,III,0.3375651851296425
INJAL,AVL,AVR,0.4094105361898741
INJAL,AVF,AVR,0.3540469461679459
INJAL,AVF,AVL,0.2500277662277222
INJAL,AVF,V4,0.16808301364382106
INJAL,AVF,V5,0.17535751427213347
INJAL,V1,V2,0.2991853830218315
INJAL,V1,V3,0.278684019446373
INJAL,V1,V4,0.24179041668772686
INJAL,V1,V5,0.23623255476355556
INJAL,V1,V6,0.27077974885702133
INJAL,V2,V3,0.30494871482253083
INJAL,V2,V4,0.25127913475036623
INJAL,V2,V5,0.2472996425628662
INJAL,V2,V6,0.2815989240507285
INJAL,V3,V4,0.224571506033341
INJAL,V3,V5,0.22671005373199782
INJAL,V3,V6,0.2614967944224676
INJAL,V4,V5,0.17645636384685837
INJAL,V4,V6,0.20809042553106946
INJAL,V5,V6,0.1949036478996277
HVOLT,I,II,0.28692284688353537
HVOLT,I,III,0.29099839329719546
HVOLT,AVR,I,0.3130204153805971
HVOLT,AVL,I,0.24975501410663128
HVOLT,AVF,I,0.25352224372327326
HVOLT,I,V4,0.22829213559627534
HVOLT,I,V5,0.22154360599815845
HVOLT,II,III,0.3661449164152145
HVOLT,AVR,II,0.37839487977325914
HVOLT,AVL,II,0.3338341671973467
HVOLT,AVF,II,0.3175201456993818
HVOLT,AVR,III,0.41214298494160173
HVOLT,AVL,III,0.37919527366757394
HVOLT,AVF,III,0.3276185451447964
HVOLT,AVL,AVR,0.3778047405183315
HVOLT,AVF,AVR,0.34099550887942315
HVOLT,AVF,AVL,0.29206499457359314
HVOLT,AVF,V4,0.21736911810934545
HVOLT,AVF,V5,0.21706669583916663
HVOLT,V1,V2,0.19587220065295696
HVOLT,V1,V3,0.2105788065493107
HVOLT,V1,V4,0.20202367849647998
HVOLT,V1,V5,0.20904549330472946
HVOLT,V1,V6,0.21701290786266328
HVOLT,V2,V3,0.208663342371583
HVOLT,V2,V4,0.20513049758970736
HVOLT,V2,V5,0.2075934800505638
HVOLT,V2,V6,0.22869998082518578
HVOLT,V3,V4,0.21035053230822087
HVOLT,V3,V5,0.2099796137213707
HVOLT,V3,V6,0.23938711360096931
HVOLT,V4,V5,0.21973550267517566
HVOLT,V4,V6,0.2232354649156332
HVOLT,V5,V6,0.24152146369218827
LVOLT,I,II,0.28757210974182407
LVOLT,I,III,0.2770660568347999
LVOLT,AVR,I,0.2671159150557859
LVOLT,AVL,I,0.2563998265138695
LVOLT,AVF,I,0.25534650153347427
LVOLT,I,V4,0.26236855185457636
LVOLT,I,V5,0.24866989853126661
LVOLT,II,III,0.32557917337332465
LVOLT,AVR,II,0.3041679285466671
LVOLT,AVL,II,0.3005388115985052
LVOLT,AVF,II,0.3013769413105079
LVOLT,AVR,III,0.2946883670134203
LVOLT,AVL,III,0.2795968885719776
LVOLT,AVF,III,0.2872461055857795
LVOLT,AVL,AVR,0.2743130071035454
LVOLT,AVF,AVR,0.2727576521464756
LVOLT,AVF,AVL,0.2543503193131515
LVOLT,AVF,V4,0.24797682289566314
LVOLT,AVF,V5,0.23681311153939796
LVOLT,V1,V2,0.26076020255684845
LVOLT,V1,V3,0.2721350540646485
LVOLT,V1,V4,0.2543720047388758
LVOLT,V1,V5,0.2407165414094925
LVOLT,V1,V6,0.2602436635111059
LVOLT,V2,V3,0.2891575273445674
LVOLT,V2,V4,0.2899069954029152
LVOLT,V2,V5,0.2710890059385981
LVOLT,V2,V6,0.2938462951779366
LVOLT,V3,V4,0.2865720910898277
LVOLT,V3,V5,0.2734331930748054
LVOLT,V3,V6,0.2986380233934947
LVOLT,V4,V5,0.27122914503727646
LVOLT,V4,V6,0.2824119261971541
LVOLT,V5,V6,0.2762858358025551
INJLA,I,II,0.17574355959892274
INJLA,I,III,0.17140773743391036
INJLA,AVR,I,0.15909712955355645
INJLA,AVL,I,0.15883786588907242
INJLA,AVF,I,0.17979772612452508
INJLA,I,V4,0.22748675122857093
INJLA,I,V5,0.17158284440636634
INJLA,II,III,0.28682670935988425
INJLA,AVR,II,0.1724421599507332
INJLA,AVL,II,0.1914204853773117
INJLA,AVF,II,0.26107004582881926
INJLA,AVR,III,0.17223044201731683
INJLA,AVL,III,0.18480776086449624
INJLA,AVF,III,0.26190749675035474
INJLA,AVL,AVR,0.15380312174558639
INJLA,AVF,AVR,0.17114080622792244
INJLA,AVF,AVL,0.18424371123313904
INJLA,AVF,V4,0.21623101741075515
INJLA,AVF,V5,0.18334216445684434
INJLA,V1,V2,0.43834051191806794
INJLA,V1,V3,0.4287529420852661
INJLA,V1,V4,0.3061039361357689
INJLA,V1,V5,0.2811759316921234
INJLA,V1,V6,0.35168713808059693
INJLA,V2,V3,0.4525785747170448
INJLA,V2,V4,0.3111684341728687
INJLA,V2,V5,0.29915218338370325
INJLA,V2,V6,0.3533055725693703
INJLA,V3,V4,0.32787207901477816
INJLA,V3,V5,0.30098940908908844
INJLA,V3,V6,0.35570386245846747
INJLA,V4,V5,0.18422085657715798
INJLA,V4,V6,0.2452068567276001
INJLA,V5,V6,0.2433484189212322
SVARR,I,II,0.26662369400262836
SVARR,I,III,0.2527603612840176
SVARR,AVR,I,0.2495769102871418
SVARR,AVL,I,0.26087679779529577
SVARR,AVF,I,0.2344231338202953
SVARR,I,V4,0.24801032936573025
SVARR,I,V5,0.23984326800704006
SVARR,II,III,0.2920638584792614
SVARR,AVR,II,0.2731159585416317
SVARR,AVL,II,0.2739413185119629
SVARR,AVF,II,0.24653566902875898
SVARR,AVR,III,0.28379071804881095
SVARR,AVL,III,0.282365972071886
SVARR,AVF,III,0.24180418935418135
SVARR,AVL,AVR,0.2650288836359978
SVARR,AVF,AVR,0.24506529369950292
SVARR,AVF,AVL,0.22934930044412608
SVARR,AVF,V4,0.23093674188852303
SVARR,AVF,V5,0.22132933753728865
SVARR,V1,V2,0.338375226855278
SVARR,V1,V3,0.33946122300624837
SVARR,V1,V4,0.28068619808554646
SVARR,V1,V5,0.2786356458663941
SVARR,V1,V6,0.3130009425878525
SVARR,V2,V3,0.35211703753471385
SVARR,V2,V4,0.30043431535363196
SVARR,V2,V5,0.29864600896835325
SVARR,V2,V6,0.31454422855377195
SVARR,V3,V4,0.3020575402379036
SVARR,V3,V5,0.3015695763528347
SVARR,V3,V6,0.32918692210316663
SVARR,V4,V5,0.25903587538003914
SVARR,V4,V6,0.2775669438242913
SVARR,V5,V6,0.272743506014347
PACE,I,II,0.3628944443166256
PACE,I,III,0.3024411343038082
PACE,AVR,I,0.28759123057127
PACE,AVL,I,0.3447153341770172
PACE,AVF,I,0.31867444902658465
PACE,I,V4,0.40687420159578325
PACE,I,V5,0.37202078551054
PACE,II,III,0.26327948063611983
PACE,AVR,II,0.2659554240107536
PACE,AVL,II,0.31702317610383035
PACE,AVF,II,0.32744712218642236
PACE,AVR,III,0.1957051110267639
PACE,AVL,III,0.23213375896215438
PACE,AVF,III,0.2558492846786976
PACE,AVL,AVR,0.21851976126432418
PACE,AVF,AVR,0.2648007220029831
PACE,AVF,AVL,0.32171480894088744
PACE,AVF,V4,0.3543887048959732
PACE,AVF,V5,0.3392691387236118
PACE,V1,V2,0.1875084614753723
PACE,V1,V3,0.21643008321523666
PACE,V1,V4,0.23925611451268197
PACE,V1,V5,0.24046055048704149
PACE,V1,V6,0.23229808628559112
PACE,V2,V3,0.22107391327619552
PACE,V2,V4,0.22412593573331832
PACE,V2,V5,0.22400638580322266
PACE,V2,V6,0.21929818883538246
PACE,V3,V4,0.31789191111922266
PACE,V3,V5,0.31263091281056404
PACE,V3,V6,0.3017481717467308
PACE,V4,V5,0.37550068259239194
PACE,V4,V6,0.34394930332899093
PACE,V5,V6,0.33599997162818906
RVH,I,II,0.28559272304177286
RVH,I,III,0.3886678947508335
RVH,AVR,I,0.4228491996228695
RVH,AVL,I,0.28000046983361243
RVH,AVF,I,0.23495415329933167
RVH,I,V4,0.17441086396574973
RVH,I,V5,0.17466537028551102
RVH,II,III,0.5148231974244117
RVH,AVR,II,0.5548024660348893
RVH,AVL,II,0.40935405641794204
RVH,AVF,II,0.2881715601682663
RVH,AVR,III,0.6363427302241326
RVH,AVL,III,0.5209920746088028
RVH,AVF,III,0.38197942286729814
RVH,AVL,AVR,0.5849512016773224
RVH,AVF,AVR,0.3801803043484688
RVH,AVF,AVL,0.2777433168888092
RVH,AVF,V4,0.17618622556328772
RVH,AVF,V5,0.17321934685111046
RVH,V1,V2,0.20454872995615006
RVH,V1,V3,0.1990029428899288
RVH,V1,V4,0.1858925537765026
RVH,V1,V5,0.18212714940309524
RVH,V1,V6,0.1920157092809677
RVH,V2,V3,0.22782017081975936
RVH,V2,V4,0.20080503568053246
RVH,V2,V5,0.201480702906847
RVH,V2,V6,0.2429978670179844
RVH,V3,V4,0.19463882580399514
RVH,V3,V5,0.1902761471271515
RVH,V3,V6,0.2254251706600189
RVH,V4,V5,0.17020316377282144
RVH,V4,V6,0.19402989476919175
RVH,V5,V6,0.18890961349010468
PMI,I,II,0.33063151210546493
PMI,I,III,0.35465070471167565
PMI,AVR,I,0.4090555328130722
PMI,AVL,I,0.3415492916107178
PMI,AVF,I,0.24483345419168473
PMI,I,V4,0.15891043871641158
PMI,I,V5,0.1635178229212761
PMI,II,III,0.46704631447792055
PMI,AVR,II,0.5046661332249641
PMI,AVL,II,0.4924604570865631
PMI,AVF,II,0.3345613943040371
PMI,AVR,III,0.4918719670176506
PMI,AVL,III,0.48785586208105086
PMI,AVF,III,0.3689202618598938
PMI,AVL,AVR,0.49817381918430326
PMI,AVF,AVR,0.37707246482372286
PMI,AVF,AVL,0.36449312075972556
PMI,AVF,V4,0.16164473980665206
PMI,AVF,V5,0.16258039087057113
PMI,V1,V2,0.13955971732735634
PMI,V1,V3,0.13997244983911514
PMI,V1,V4,0.144636510014534
PMI,V1,V5,0.1421937884390354
PMI,V1,V6,0.14027610123157502
PMI,V2,V3,0.13813680768013
PMI,V2,V4,0.14066163077950478
PMI,V2,V5,0.1397665932774544
PMI,V2,V6,0.1394997990131378
PMI,V3,V4,0.1427826227247715
PMI,V3,V5,0.14349181294441224
PMI,V3,V6,0.13901765242218972
PMI,V4,V5,0.14615607738494873
PMI,V4,V6,0.1425793908536434
PMI,V5,V6,0.1442597286403179
TAB_,I,II,0.34091817602515223
TAB_,I,III,0.32070775479078295
TAB_,AVR,I,0.2936571656167507
TAB_,AVL,I,0.35957910522818565
TAB_,AVF,I,0.2919879567623138
TAB_,I,V4,0.34933490499854086
TAB_,I,V5,0.3445506411790848
TAB_,II,III,0.25853340908885003
TAB_,AVR,II,0.23145279854536058
TAB_,AVL,II,0.30194152921438216
TAB_,AVF,II,0.257605404406786
TAB_,AVR,III,0.1855020196735859
TAB_,AVL,III,0.2661409342288971
TAB_,AVF,III,0.21793631449341774
TAB_,AVL,AVR,0.24892928794026375
TAB_,AVF,AVR,0.2158145834505558
TAB_,AVF,AVL,0.2649843013286591
TAB_,AVF,V4,0.2654735690355301
TAB_,AVF,V5,0.2581145884096622
TAB_,V1,V2,0.20333980202674865
TAB_,V1,V3,0.23205182299017907
TAB_,V1,V4,0.23210096389055251
TAB_,V1,V5,0.24055150717496873
TAB_,V1,V6,0.23084269374608993
TAB_,V2,V3,0.2758399695158005
TAB_,V2,V4,0.29057506531476973
TAB_,V2,V5,0.29548188000917436
TAB_,V2,V6,0.27150469809770583
TAB_,V3,V4,0.3027941308915615
TAB_,V3,V5,0.30778469786047935
TAB_,V3,V6,0.30960978984832765
TAB_,V4,V5,0.2845669113099575
TAB_,V4,V6,0.2900566279888153
TAB_,V5,V6,0.2843466006219387
IPLMI,I,II,0.14358691915869712
IPLMI,I,III,0.16846098273992538
IPLMI,AVR,I,0.14322790920734405
IPLMI,AVL,I,0.1780533005297184
IPLMI,AVF,I,0.16396376937627793
IPLMI,I,V4,0.2094280594587326
IPLMI,I,V5,0.1811979442834854
IPLMI,II,III,0.16547680780291557
IPLMI,AVR,II,0.1438171836733818
IPLMI,AVL,II,0.17410167440772056
IPLMI,AVF,II,0.15094269007444383
IPLMI,AVR,III,0.15638434514403343
IPLMI,AVL,III,0.1870732480287552
IPLMI,AVF,III,0.1813428744673729
IPLMI,AVL,AVR,0.16749063700437547
IPLMI,AVF,AVR,0.1490617311000824
IPLMI,AVF,AVL,0.16024611234664918
IPLMI,AVF,V4,0.22504655107855798
IPLMI,AVF,V5,0.19045126795768738
IPLMI,V1,V2,0.41181074544787405
IPLMI,V1,V3,0.3707224932312965
IPLMI,V1,V4,0.3331597624719143
IPLMI,V1,V5,0.3036903741955757
IPLMI,V1,V6,0.39028406888246536
IPLMI,V2,V3,0.3894104807078838
IPLMI,V2,V4,0.35867142215371134
IPLMI,V2,V5,0.3181420135498047
IPLMI,V2,V6,0.3950510440766811
IPLMI,V3,V4,0.3612912231683731
IPLMI,V3,V5,0.31785595074295997
IPLMI,V3,V6,0.3943252444267273
IPLMI,V4,V5,0.26558677703142164
IPLMI,V4,V6,0.30415077179670336
IPLMI,V5,V6,0.302082259953022
ISCAN,I,II,0.1561519856750965
ISCAN,I,III,0.1530264949798584
ISCAN,AVR,I,0.15175857439637183
ISCAN,AVL,I,0.15024902790784836
ISCAN,AVF,I,0.16567402437329293
ISCAN,I,V4,0.16711108803749083
ISCAN,I,V5,0.16650082439184188
ISCAN,II,III,0.1445404140651226
ISCAN,AVR,II,0.14380405560135842
ISCAN,AVL,II,0.1471675144135952
ISCAN,AVF,II,0.15349890738725663
ISCAN,AVR,III,0.14519521579146386
ISCAN,AVL,III,0.14751105815172194
ISCAN,AVF,III,0.1492997834086418
ISCAN,AVL,AVR,0.15008758172392844
ISCAN,AVF,AVR,0.14928033262491225
ISCAN,AVF,AVL,0.15573451831936835
ISCAN,AVF,V4,0.16430651858448983
ISCAN,AVF,V5,0.17011962115764617
ISCAN,V1,V2,0.48743932276964186
ISCAN,V1,V3,0.48571676790714263
ISCAN,V1,V4,0.3870547693967819
ISCAN,V1,V5,0.36657009690999987
ISCAN,V1,V6,0.40897177666425705
ISCAN,V2,V3,0.47938007235527036
ISCAN,V2,V4,0.38657863810658455
ISCAN,V2,V5,0.34613060563802717
ISCAN,V2,V6,0.4068941244482994
ISCAN,V3,V4,0.4111354511976242
ISCAN,V3,V5,0.3856793788075447
ISCAN,V3,V6,0.43204047948122026
ISCAN,V4,V5,0.29389228254556654
ISCAN,V4,V6,0.3689685633778572
ISCAN,V5,V6,0.35138139232993126
